[
  {
    "tourname": "Pondicherry Adventure",
    "tourid": "00001",
    "included": [
      "Travelling expenses",
      "Accommodation",
      "Trip host",
      "Pre-hired tempo",
      "First aid"
    ],
    "rating": 9,
    "cost": 29999,
    "location": "Pondicherry",
    "timespent": "3 days",
    "starting_date": "30-01-2020",
    "starting_time": "7:00 am",
    "return_time": "9:00 pm",
    "carousel": [
      "https://th.bing.com/th/id/OIP.4kxJ0E-QjJkiG87JA6QXpAHaE8?rs=1&pid=ImgDetMain",
      "https://th.bing.com/th/id/OIP.4kxJ0E-QjJkiG87JA6QXpAHaE8?rs=1&pid=ImgDetMain",
      "https://th.bing.com/th/id/OIP.4kxJ0E-QjJkiG87JA6QXpAHaE8?rs=1&pid=ImgDetMain"
    ],
    "stops": [
      {
        "day1": [
          {
            "loc": "Tambaram",
            "notes": "Tambaram is a southern suburb of Chennai. Located within the Chengalpattu district of Tamil Nadu.",
            "image": "https://swadeshitraveller.com/swadeshi_backend/static/images/place/pondicherry/0054b772-71dc-4653-95e5-d3b11787429b.jpg",
            "pros": ["train", "beach", "breakfast"],
            "duration": "5 hrs"
          },
          {
            "loc": "Mahabalipuram",
            "notes": "A UNESCO World Heritage site, famous for its stone carvings and temples.",
            "image": "https://source.unsplash.com/1600x900/?mahabalipuram",
            "pros": ["temple", "ancient ruins", "seafood"],
            "duration": "3 hrs"
          }
        ]
      },
      {
        "day2": [
          {
            "loc": "Auroville",
            "notes": "An experimental township promoting unity, known for the Matrimandir.",
            "image": "https://source.unsplash.com/1600x900/?auroville",
            "pros": ["meditation", "nature", "cafes"],
            "duration": "4 hrs"
          },
          {
            "loc": "Pondicherry Beach",
            "notes": "A beautiful beach with golden sand and vibrant atmosphere.",
            "image": "https://source.unsplash.com/1600x900/?pondicherry,beach",
            "pros": ["beach", "water sports", "sunset"],
            "duration": "6 hrs"
          }
        ]
      }
    ]
  },
  {
    "tourname": "Goa Getaway",
    "tourid": "00002",
    "included": [
      "Flight tickets",
      "Accommodation",
      "Tour guide",
      "Local transport",
      "Meals"
    ],
    "rating": 8,
    "cost": 34999,
    "location": "Goa",
    "timespent": "5 days",
    "starting_date": "15-02-2020",
    "starting_time": "9:00 am",
    "return_time": "8:00 pm",
    "carousel": [
        "https://swadeshitraveller.com/swadeshi_backend/static/images/place/french-colony-pondicherry/e2033119-25c7-4895-9ba7-9bb32f3a1056.jpeg" ,
      "https://source.unsplash.com/1600x900/?goa,beach",
      "https://source.unsplash.com/1600x900/?goa,nightlife",
      "https://source.unsplash.com/1600x900/?goa,water sports"
    ],
    "stops": [
      {
        "day1": [
          {
            "loc": "Calangute Beach",
            "notes": "One of the largest and most popular beaches in Goa.",
            "image": "https://source.unsplash.com/1600x900/?calangute,beach",
            "pros": ["beach", "water sports", "nightlife"],
            "duration": "6 hrs"
          },
          {
            "loc": "Baga Beach",
            "notes": "Known for its vibrant nightlife and water sports.",
            "image": "https://source.unsplash.com/1600x900/?baga,beach",
            "pros": ["nightlife", "water sports", "restaurants"],
            "duration": "4 hrs"
          }
        ]
      },
      {
        "day2": [
          {
            "loc": "Dudhsagar Falls",
            "notes": "A four-tiered waterfall located on the Mandovi River.",
            "image": "https://source.unsplash.com/1600x900/?dudhsagar,falls",
            "pros": ["waterfall", "trekking", "nature"],
            "duration": "5 hrs"
          },
          {
            "loc": "Old Goa",
            "notes": "Famous for its historic churches and cathedrals.",
            "image": "https://source.unsplash.com/1600x900/?old goa,church",
            "pros": ["history", "architecture", "culture"],
            "duration": "3 hrs"
          }
        ]
      }
    ]
  }
]

[
  {
    "_id": "66f256c6973f26e86f9694e0",
    "tour_id": "00001",
    "details": {
      "tourname": "Pondicherry Adventure",
      "included": [],
      "rating": 0,
      "cost": 0,
      "location": "",
      "timespent": "",
      "starting_date": "",
      "starting_time": "",
      "return_time": "",
      "carousel": [],
      "stops": []
    }
  },
  {
    "_id": "66f25776973f26e86f9694e1",
    "tour_id": "00002",
    "details": {
      "tourname": "Goa Getaway",
      "tourid": "00002",
      "included": [
        "Flight tickets",
        "Accommodation",
        "Tour guide",
        "Local transport",
        "Meals"
      ],
      "rating": 8,
      "cost": 34999,
      "location": "Goa",
      "timespent": "5 days",
      "starting_date": "15-02-2020",
      "starting_time": "9:00 am",
      "return_time": "8:00 pm",
      "carousel": [
        "https://swadeshitraveller.com/swadeshi_backend/static/images/place/french-colony-pondicherry/e2033119-25c7-4895-9ba7-9bb32f3a1056.jpeg",
        "https://images.unsplash.com/photo-1715160441010-7d5050ec67a4?q=80&w=1887&auto=format&fit=crop&ixlib=rb-4.0.3&ixid=M3wxMjA3fDB8MHxwaG90by1wYWdlfHx8fGVufDB8fHx8fA%3D%3D",
        "https://images.unsplash.com/photo-1682743710558-b338ba285925?q=80&w=1974&auto=format&fit=crop&ixlib=rb-4.0.3&ixid=M3wxMjA3fDB8MHxwaG90by1wYWdlfHx8fGVufDB8fHx8fA%3D%3D",
        "https://images.unsplash.com/photo-1590393275627-0c48482c60e3?q=80&w=2070&auto=format&fit=crop&ixlib=rb-4.0.3&ixid=M3wxMjA3fDB8MHxwaG90by1wYWdlfHx8fGVufDB8fHx8fA%3D%3D"
      ],
      "stops": [
        {
          "day1": [
            {
              "loc": "Calangute Beach",
              "notes": "One of the largest and most popular beaches in Goa.",
              "image": "https://tse1.mm.bing.net/th?id=OIP.FDQ8abE6cE8-qQcCFsbaZAHaEK&pid=Api&P=0&h=180",
              "pros": [
                "beach",
                "water sports",
                "nightlife"
              ],
              "duration": "6 hrs"
            },
            {
              "loc": "Baga Beach",
              "notes": "Known for its vibrant nightlife and water sports.",
              "image": "https://images.unsplash.com/photo-1560094127-a6710fa2d266?q=80&w=2010&auto=format&fit=crop&ixlib=rb-4.0.3&ixid=M3wxMjA3fDB8MHxwaG90by1wYWdlfHx8fGVufDB8fHx8fA%3D%3D",
              "pros": [
                "nightlife",
                "water sports",
                "restaurants"
              ],
              "duration": "4 hrs"
            }
          ]
        },
        {
          "day2": [
            {
              "loc": "Dudhsagar Falls",
              "notes": "A four-tiered waterfall located on the Mandovi River.",
              "image": "https://imgmedia.lbb.in/media/2021/10/6165b8de6a9fc04e3f38c58c_1634056414914.jpg",
              "pros": [
                "waterfall",
                "trekking",
                "nature"
              ],
              "duration": "5 hrs"
            },
            {
              "loc": "Old Goa",
              "notes": "Famous for its historic churches and cathedrals.",
              "image": "https://thumbs.dreamstime.com/b/se-cathedral-old-goa-india-goa-march-se-cathedral-old-goa-across-senate-square-sits-se-cathedral-de-santa-catarina-160493726.jpg",
              "pros": [
                "history",
                "architecture",
                "culture"
              ],
              "duration": "3 hrs"
            }
          ]
        }
      ]
    }
  },
  {
    "_id": "66f259b2973f26e86f9694e3",
    "tour_id": "00003",
    "details": {
      "tourname": "Kerala Backwaters",
      "tourid": "00003",
      "included": [
        "Houseboat stay",
        "Meals",
        "Local transport",
        "Nature walks"
      ],
      "rating": 9,
      "cost": 25999,
      "location": "Kerala",
      "timespent": "4 days",
      "starting_date": "20-03-2020",
      "starting_time": "10:00 am",
      "return_time": "6:00 pm",
      "carousel": [
        "http://amazingholidaysblr.com/wp-content/uploads/2017/01/kerala-backwater.png",
        "https://i.pinimg.com/originals/fd/d6/b2/fdd6b202a72b693bf2cd90f50e013323.jpg",
        "https://www.authenticindiatours.com/app/uploads/2022/03/Kerala-Backwaters.jpg"
      ],
      "stops": [
        {
          "day1": [
            {
              "loc": "Alleppey",
              "notes": "Cruising through the backwaters on a houseboat.",
              "image": "https://images.unsplash.com/photo-1672424831864-867194642ce2?q=80&w=1965&auto=format&fit=crop&ixlib=rb-4.0.3&ixid=M3wxMjA3fDB8MHxwaG90by1wYWdlfHx8fGVufDB8fHx8fA%3D%3D",
              "pros": [
                "scenic",
                "houseboats",
                "relaxing"
              ],
              "duration": "6 hrs"
            },
            {
              "loc": "Kumarakom Bird Sanctuary",
              "notes": "A haven for bird lovers with various migratory species.",
              "image": "https://images.unsplash.com/photo-1445820200644-69f87d946277?q=80&w=1886&auto=format&fit=crop&ixlib=rb-4.0.3&ixid=M3wxMjA3fDB8MHxwaG90by1wYWdlfHx8fGVufDB8fHx8fA%3D%3D",
              "pros": [
                "nature",
                "wildlife",
                "birds"
              ],
              "duration": "3 hrs"
            }
          ]
        },
        {
          "day2": [
            {
              "loc": "Vembanad Lake",
              "notes": "The largest lake in Kerala, offering serene views.",
              "image": "https://images.unsplash.com/photo-1439066290691-510066268af5?q=80&w=1973&auto=format&fit=crop&ixlib=rb-4.0.3&ixid=M3wxMjA3fDB8MHxwaG90by1wYWdlfHx8fGVufDB8fHx8fA%3D%3D",
              "pros": [
                "lake",
                "boating",
                "sunsets"
              ],
              "duration": "4 hrs"
            },
            {
              "loc": "Marari Beach",
              "notes": "A quiet beach perfect for relaxing.",
              "image": "https://images.unsplash.com/photo-1506953823976-52e1fdc0149a?q=80&w=1935&auto=format&fit=crop&ixlib=rb-4.0.3&ixid=M3wxMjA3fDB8MHxwaG90by1wYWdlfHx8fGVufDB8fHx8fA%3D%3D",
              "pros": [
                "relaxation",
                "beach",
                "peaceful"
              ],
              "duration": "3 hrs"
            }
          ]
        }
      ]
    }
  },
  {
    "_id": "66f25c4c973f26e86f9694e5",
    "tour_id": "00004",
    "details": {
      "tourname": "Rajasthan Royalty",
      "tourid": "00004",
      "included": [
        "Accommodation in palaces",
        "Local transport",
        "Guided tours",
        "Meals"
      ],
      "rating": 9,
      "cost": 49999,
      "location": "Rajasthan",
      "timespent": "6 days",
      "starting_date": "05-04-2020",
      "starting_time": "8:00 am",
      "return_time": "7:00 pm",
      "carousel": [
        "https://3.bp.blogspot.com/-OAJTabPSEt4/TvpNDGQYYCI/AAAAAAAAHXQ/JU8HP64LiTE/s1600/Hawa_Mahal_Rajasthan1.jpg",
        "https://wallpaperaccess.com/full/1905877.jpg",
        "https://i.pinimg.com/originals/73/77/33/7377332f12accc40d75bfac1582cb587.jpg"
      ],
      "stops": [
        {
          "day1": [
            {
              "loc": "Jaipur",
              "notes": "Exploring the Pink City and its royal palaces.",
              "image": "https://images.unsplash.com/photo-1620563204920-ea65cb792533?q=80&w=2070&auto=format&fit=crop&ixlib=rb-4.0.3&ixid=M3wxMjA3fDB8MHxwaG90by1wYWdlfHx8fGVufDB8fHx8fA%3D%3D",
              "pros": [
                "palaces",
                "history",
                "architecture"
              ],
              "duration": "6 hrs"
            },
            {
              "loc": "Amber Fort",
              "notes": "A majestic fort offering panoramic views of Jaipur.",
              "image": "https://plus.unsplash.com/premium_photo-1661963054563-ce928e477ff3?q=80&w=2070&auto=format&fit=crop&ixlib=rb-4.0.3&ixid=M3wxMjA3fDB8MHxwaG90by1wYWdlfHx8fGVufDB8fHx8fA%3D%3D",
              "pros": [
                "fort",
                "scenic",
                "royalty"
              ],
              "duration": "3 hrs"
            }
          ]
        },
        {
          "day2": [
            {
              "loc": "Jaisalmer",
              "notes": "A desert city known for its golden fort.",
              "image": "https://i.pinimg.com/originals/73/f4/7b/73f47ba3d161bee2602ff72b0d700e69.jpg",
              "pros": [
                "desert",
                "camel rides",
                "fort"
              ],
              "duration": "5 hrs"
            },
            {
              "loc": "Sam Sand Dunes",
              "notes": "Experience the beauty of the Thar Desert with a camel safari.",
              "image": "https://images.unsplash.com/photo-1488197047962-b48492212cda?q=80&w=2067&auto=format&fit=crop&ixlib=rb-4.0.3&ixid=M3wxMjA3fDB8MHxwaG90by1wYWdlfHx8fGVufDB8fHx8fA%3D%3D",
              "pros": [
                "desert",
                "safari",
                "sunset"
              ],
              "duration": "4 hrs"
            }
          ]
        }
      ]
    }
  },
  {
    "_id": "66f25c95973f26e86f9694e6",
    "tour_id": "00005",
    "details": {
      "tourname": "Himalayan Adventure",
      "tourid": "00005",
      "included": [
        "Flight tickets",
        "Accommodation",
        "Trekking guide",
        "Meals"
      ],
      "rating": 10,
      "cost": 39999,
      "location": "Himachal Pradesh",
      "timespent": "7 days",
      "starting_date": "10-05-2020",
      "starting_time": "7:00 am",
      "return_time": "5:00 pm",
      "carousel": [
        "https://c.myholidays.com/blog/2023/4/121222_Best%20Places%20to%20Visit%20in%20Himachal%20Pradesh.webp",
        "https://www.holidify.com/images/bgImages/HIMACHAL-PRADESH.jpg",
        "https://tse3.mm.bing.net/th?id=OIP.d9c9VB7R9jdm0Zwb0rVGoQHaE8&pid=Api&P=0&h=180"
      ],
      "stops": [
        {
          "day1": [
            {
              "loc": "Manali",
              "notes": "A popular hill station with breathtaking views.",
              "image": "https://images.unsplash.com/photo-1712388430474-ace0c16051e2?q=80&w=1974&auto=format&fit=crop&ixlib=rb-4.0.3&ixid=M3wxMjA3fDB8MHxwaG90by1wYWdlfHx8fGVufDB8fHx8fA%3D%3D",
              "pros": [
                "mountains",
                "nature",
                "peaceful"  
              ],
              "duration": "5 hrs"
            },
            {
              "loc": "Solang Valley",
              "notes": "Famous for adventure sports and snow activities.",
              "image": "https://images.unsplash.com/photo-1711359940524-ed5e0ad9b89b?q=80&w=1887&auto=format&fit=crop&ixlib=rb-4.0.3&ixid=M3wxMjA3fDB8MHxwaG90by1wYWdlfHx8fGVufDB8fHx8fA%3D%3D",
              "pros": [
                "skiing",
                "paragliding",
                "scenic"
              ],
              "duration": "4 hrs"
            }
          ]
        },
        {
          "day2": [
            {
              "loc": "Kasol",
              "notes": "A quaint village along the Parvati River, popular with backpackers.",
              "image": "https://images.unsplash.com/photo-1643546170636-88fca3e05819?q=80&w=1887&auto=format&fit=crop&ixlib=rb-4.0.3&ixid=M3wxMjA3fDB8MHxwaG90by1wYWdlfHx8fGVufDB8fHx8fA%3D%3D",
              "pros": [
                "trekking",
                "nature",
                "relaxing"
              ],
              "duration": "6 hrs"
            },
            {
              "loc": "Kheerganga Trek",
              "notes": "A scenic trek offering stunning mountain views.",
              "image": "https://images.unsplash.com/photo-1525885270172-2b7c27278d8e?q=80&w=2069&auto=format&fit=crop&ixlib=rb-4.0.3&ixid=M3wxMjA3fDB8MHxwaG90by1wYWdlfHx8fGVufDB8fHx8fA%3D%3D",
              "pros": [
                "trekking",
                "hot springs",
                "scenic"
              ],
              "duration": "8 hrs"
            }
          ]
        }
      ]
    }
  },
  {
    "_id": "66f25d22973f26e86f9694e7",
    "tour_id": "00006",
    "details": {
      "tourname": "Kashmir Paradise",
      "tourid": "00006",
      "included": [
        "Flight tickets",
        "Accommodation",
        "Local transport",
        "Meals"
      ],
      "rating": 9,
      "cost": 45999,
      "location": "Kashmir",
      "timespent": "5 days",
      "starting_date": "25-06-2020",
      "starting_time": "8:00 am",
      "return_time": "6:00 pm",
      "carousel": [
        "https://img.veenaworld.com/wp-content/uploads/2023/01/shutterstock_2044050404-1024x683-jpg.webp",
        "https://static.toiimg.com/photo/msid-101123802,width-96,height-65.cms",
        "https://wallpapercave.com/wp/wp2678269.jpg"
      ],
      "stops": [
        {
          "day1": [
            {
              "loc": "Srinagar",
              "notes": "Stay on a traditional houseboat on Dal Lake.",
              "image": "http://upload.wikimedia.org/wikipedia/commons/3/31/Houseboat-_Dal_Lake,_srinagar_Kashmir.JPG",
              "pros": [
                "houseboat",
                "scenic",
                "peaceful"
              ],
              "duration": "6 hrs"
            },
            {
              "loc": "Mughal Gardens",
              "notes": "Explore the famous terraced gardens.",
              "image": "https://static.toiimg.com/photo/msid-99294105,width-96,height-65.cms",
              "pros": [
                "gardens",
                "nature",
                "photography"
              ],
              "duration": "3 hrs"
            }
          ]
        },
        {
          "day2": [
            {
              "loc": "Gulmarg",
              "notes": "A hill station known for its ski resort and meadows.",
              "image": "https://qvcc.edu/wp-content/uploads/2017/01/skiing-2.jpg",
              "pros": [
                "skiing",
                "mountains",
                "scenic"
              ],
              "duration": "5 hrs"
            },
            {
              "loc": "Sonamarg",
              "notes": "A stunning valley with snow-covered peaks.",
              "image": "https://images.unsplash.com/photo-1634376703443-07f4d543581d?q=80&w=2070&auto=format&fit=crop&ixlib=rb-4.0.3&ixid=M3wxMjA3fDB8MHxwaG90by1wYWdlfHx8fGVufDB8fHx8fA%3D%3D",
              "pros": [
                "trekking",
                "nature",
                "adventure"
              ],
              "duration": "4 hrs"
            }
          ]
        }
      ]
    }
  },
  {
    "_id": "66f2698d973f26e86f9694e8",
    "tour_id": "00007",
    "details": {
      "tourname": "Sikkim Serenity",
      "tourid": "00007",
      "included": [
        "Flight tickets",
        "Accommodation",
        "Guided tours",
        "Meals"
      ],
      "rating": 8,
      "cost": 34999,
      "location": "Sikkim",
      "timespent": "4 days",
      "starting_date": "05-07-2020",
      "starting_time": "7:30 am",
      "return_time": "5:00 pm",
      "carousel": [
        "https://images.unsplash.com/photo-1634400118017-7ca0f1ed1588?q=80&w=1928&auto=format&fit=crop&ixlib=rb-4.0.3&ixid=M3wxMjA3fDB8MHxwaG90by1wYWdlfHx8fGVufDB8fHx8fA%3D%3D",
        "https://images.unsplash.com/photo-1562413181-9013f9846bff?q=80&w=1928&auto=format&fit=crop&ixlib=rb-4.0.3&ixid=M3wxMjA3fDB8MHxwaG90by1wYWdlfHx8fGVufDB8fHx8fA%3D%3D",
        "https://images.unsplash.com/photo-1684179820064-e4bec4cf1030?q=80&w=2067&auto=format&fit=crop&ixlib=rb-4.0.3&ixid=M3wxMjA3fDB8MHxwaG90by1wYWdlfHx8fGVufDB8fHx8fA%3D%3D"
      ],
      "stops": [
        
          "day1": [
            {
              "loc": "Gangtok",
              "notes": "Visit the capital city, surrounded by the Himalayas.",
              "image": "https://plus.unsplash.com/premium_photo-1697730303782-6679b6bec202?q=80&w=2070&auto=format&fit=crop&ixlib=rb-4.0.3&ixid=M3wxMjA3fDB8MHxwaG90by1wYWdlfHx8fGVufDB8fHx8fA%3D%3D",
              "pros": [
                "mountains",
                "culture",
                "shopping"
              ],
              "duration": "5 hrs"
            },
            {
              "loc": "Rumtek Monastery",
              "notes": "One of the largest and most significant monasteries in Sikkim.",
              "image": "https://images.unsplash.com/photo-1721884487025-e3e222fda389?q=80&w=2070&auto=format&fit=crop&ixlib=rb-4.0.3&ixid=M3wxMjA3fDB8MHxwaG90by1wYWdlfHx8fGVufDB8fHx8fA%3D%3D",
              "pros": [
                "monastery",
                "spiritual",
                "architecture"
              ],
              "duration": "3 hrs"
            }
          ]
        },
        {
          "day2": [
            {
              "loc": "Tsomgo Lake",
              "notes": "A high-altitude glacial lake with stunning views.",
              "image": "https://plus.unsplash.com/premium_photo-1677636665512-d210c919fe74?q=80&w=2070&auto=format&fit=crop&ixlib=rb-4.0.3&ixid=M3wxMjA3fDB8MHxwaG90by1wYWdlfHx8fGVufDB8fHx8fA%3D%3D",
              "pros": [
                "lake",
                "snow",
                "scenic"
              ],
              "duration": "4 hrs"
            },
            {
              "loc": "Nathula Pass",
              "notes": "A mountain pass on the Indo-China border.",
              "image": "https://images.unsplash.com/photo-1552545643-b1ef0037bc10?q=80&w=1974&auto=format&fit=crop&ixlib=rb-4.0.3&ixid=M3wxMjA3fDB8MHxwaG90by1wYWdlfHx8fGVufDB8fHx8fA%3D%3D",
              "pros": [
                "adventure",
                "snow",
                "mountains"
              ],
              "duration": "4 hrs"
            }
          ]
        }
      ]
    }
  }
]