[
  {
    "tourname": "Pondicherry Adventure",
    "tourid": "00001",
    "included": [
      "Travelling expenses",
      "Accommodation",
      "Trip host",
      "Pre-hired tempo",
      "First aid"
    ],
    "rating": 9,
    "cost": 29999,
    "location": "Pondicherry",
    "timespent": "3 days",
    "starting_date": "30-01-2020",
    "starting_time": "7:00 am",
    "return_time": "9:00 pm",
    "carousel": [
      "https://th.bing.com/th/id/OIP.4kxJ0E-QjJkiG87JA6QXpAHaE8?rs=1&pid=ImgDetMain",
      "https://th.bing.com/th/id/OIP.4kxJ0E-QjJkiG87JA6QXpAHaE8?rs=1&pid=ImgDetMain",
      "https://th.bing.com/th/id/OIP.4kxJ0E-QjJkiG87JA6QXpAHaE8?rs=1&pid=ImgDetMain"
    ],
    "stops": [
      {
        "day1": [
          {
            "loc": "Tambaram",
            "notes": "Tambaram is a southern suburb of Chennai. Located within the Chengalpattu district of Tamil Nadu.",
            "image": "https://swadeshitraveller.com/swadeshi_backend/static/images/place/pondicherry/0054b772-71dc-4653-95e5-d3b11787429b.jpg",
            "pros": ["train", "beach", "breakfast"],
            "duration": "5 hrs"
          },
          {
            "loc": "Mahabalipuram",
            "notes": "A UNESCO World Heritage site, famous for its stone carvings and temples.",
            "image": "https://source.unsplash.com/1600x900/?mahabalipuram",
            "pros": ["temple", "ancient ruins", "seafood"],
            "duration": "3 hrs"
          }
        ]
      },
      {
        "day2": [
          {
            "loc": "Auroville",
            "notes": "An experimental township promoting unity, known for the Matrimandir.",
            "image": "https://source.unsplash.com/1600x900/?auroville",
            "pros": ["meditation", "nature", "cafes"],
            "duration": "4 hrs"
          },
          {
            "loc": "Pondicherry Beach",
            "notes": "A beautiful beach with golden sand and vibrant atmosphere.",
            "image": "https://source.unsplash.com/1600x900/?pondicherry,beach",
            "pros": ["beach", "water sports", "sunset"],
            "duration": "6 hrs"
          }
        ]
      }
    ]
  },
  {
    "tourname": "Goa Getaway",
    "tourid": "00002",
    "included": [
      "Flight tickets",
      "Accommodation",
      "Tour guide",
      "Local transport",
      "Meals"
    ],
    "rating": 8,
    "cost": 34999,
    "location": "Goa",
    "timespent": "5 days",
    "starting_date": "15-02-2020",
    "starting_time": "9:00 am",
    "return_time": "8:00 pm",
    "carousel": [
        "https://swadeshitraveller.com/swadeshi_backend/static/images/place/french-colony-pondicherry/e2033119-25c7-4895-9ba7-9bb32f3a1056.jpeg" ,
      "https://source.unsplash.com/1600x900/?goa,beach",
      "https://source.unsplash.com/1600x900/?goa,nightlife",
      "https://source.unsplash.com/1600x900/?goa,water sports"
    ],
    "stops": [
      {
        "day1": [
          {
            "loc": "Calangute Beach",
            "notes": "One of the largest and most popular beaches in Goa.",
            "image": "https://source.unsplash.com/1600x900/?calangute,beach",
            "pros": ["beach", "water sports", "nightlife"],
            "duration": "6 hrs"
          },
          {
            "loc": "Baga Beach",
            "notes": "Known for its vibrant nightlife and water sports.",
            "image": "https://source.unsplash.com/1600x900/?baga,beach",
            "pros": ["nightlife", "water sports", "restaurants"],
            "duration": "4 hrs"
          }
        ]
      },
      {
        "day2": [
          {
            "loc": "Dudhsagar Falls",
            "notes": "A four-tiered waterfall located on the Mandovi River.",
            "image": "https://source.unsplash.com/1600x900/?dudhsagar,falls",
            "pros": ["waterfall", "trekking", "nature"],
            "duration": "5 hrs"
          },
          {
            "loc": "Old Goa",
            "notes": "Famous for its historic churches and cathedrals.",
            "image": "https://source.unsplash.com/1600x900/?old goa,church",
            "pros": ["history", "architecture", "culture"],
            "duration": "3 hrs"
          }
        ]
      }
    ]
  }
]